feature	n_low	n_high	mean_low	mean_high	high_minus_low_mean	cohens_d	cohens_d_ci_low	cohens_d_ci_high	ci_crosses_zero	interpretation
PRO61-LIG	285	581	7.362038614038836	7.516767650381013	0.15472903634217694	0.14434123258503623	0.002433993949730706	0.28624847122034175	False	high farther
PRO60-LIG	285	581	7.435435086802433	7.6320998049028566	0.19666471810042374	0.14378088831188326	0.0018749143178045935	0.28568686230596196	False	high farther
PRO1241-LIG	285	581	6.516126314380712	6.358328747462077	-0.1577975669186351	-0.06504791704977181	-0.20682504176630198	0.07672920766675836	True	high closer
PRO62-LIG	285	581	3.2532912254333497	3.3196970727070267	0.06640584727367704	0.052286917398695204	-0.08947846748569294	0.19405230228308334	True	high farther
PRO66-LIG	285	581	5.020680711143895	4.92097763842847	-0.09970307271542556	-0.04420699236691472	-0.1859662638232323	0.09755227908940287	True	high closer
PRO88-LIG	285	581	3.952463155880309	3.8595611017049896	-0.09290205417531938	-0.04042122561510535	-0.1821779848389014	0.10133553360869073	True	high closer
PRO68-LIG	285	581	3.267968417050546	3.3256265107612806	0.057658093710734715	0.0359844605936808	-0.10576964041077333	0.17773856159813492	True	high farther
PRO63-LIG	285	581	7.003887719438787	7.066423407520157	0.06253568808136922	0.03234954311741066	-0.1094026101192387	0.17410169635406003	True	high farther
PRO1290-LIG	285	581	7.849712277295296	7.774206542927714	-0.07550573436758246	-0.028775827629077783	-0.17052626788353148	0.1129746126253759	True	high closer
PRO92-LIG	285	581	4.063894728192112	4.132865740592221	0.06897101240010883	0.026792614559987285	-0.11495696149714878	0.16854219061712333	True	high farther
PRO95-LIG	285	581	3.3148807044614825	3.378349402685379	0.06346869822389634	0.026303256066234546	-0.11544611623751794	0.16805262836998702	True	high farther
PRO99-LIG	285	581	3.614856137309158	3.6759242734482283	0.06106813613907036	0.02537080063251088	-0.11637819382206097	0.16711979508708272	True	high farther
PRO1235-LIG	285	581	6.045140345054761	5.971192772129932	-0.0739475729248289	-0.022992357015395037	-0.16474044942681676	0.11875573539602668	True	high closer
PRO69-LIG	285	581	5.4021403563650034	5.465853696230562	0.06371333986555872	0.022688231365841395	-0.11905975210088432	0.1644362148325671	True	high farther
PRO1278-LIG	285	581	6.740371906966494	6.6749466540686235	-0.06542525289787005	-0.0212240248433938	-0.1629715041013663	0.12052345441457868	True	high closer
PRO1283-LIG	285	581	4.72630175707633	4.686349388038845	-0.03995236903748456	-0.018553869604811157	-0.16030051594402583	0.12319277673440353	True	high closer
PRO65-LIG	285	581	3.14308772589031	3.163034419800041	0.019946693909731028	0.01650609155475829	-0.12523999176838363	0.15825217487790022	True	high farther
PRO1234-LIG	285	581	4.496263153929459	4.44936660768243	-0.046896546247029214	-0.015852020034469946	-0.1575979373851624	0.1258938973162225	True	high closer
PRO64-LIG	285	581	6.825792986886543	6.847130810742534	0.021337823855991367	0.014688310603683521	-0.1270573280408504	0.15643394924821746	True	high farther
PRO1237-LIG	285	581	4.111736846388432	4.088676422064974	-0.02306042432345823	-0.009749148967108353	-0.1514938410706016	0.1319955431363849	True	high closer
PRO67-LIG	285	581	6.792017535159462	6.785063674240638	-0.006953860918824439	-0.0032226106086498643	-0.14496663879419922	0.13852141757689948	True	high closer
