feature	residue_1_name	residue_2_name	selected_count_out_of_5	selection_frequency	mean_f_score_across_folds	n_low	n_high	mean_low	mean_high	median_low	median_high	high_minus_low_mean	cohens_d	cohens_d_ci_low	cohens_d_ci_high	ci_crosses_zero	p_value_welch	direction	p_value_bh_fdr
PRO62-PRO1279	P:GLU62	P:SER1279	5	1.0	167.57106593579417	285	581	7.627196474242629	7.229614456426256	7.5980000495910645	7.163000106811523	-0.39758201781637315	-1.0465520592857136	-1.1966396890452333	-0.8964644295261939	False	2.2792690355663214e-52	smaller distance in high	6.837807106698965e-51
PRO1275-PRO1276	P:PHE1275	P:ARG1276	5	1.0	87.28285097071725	285	581	1.3459228051336187	1.344158355217177	1.3459999561309814	1.343999981880188	-0.001764449916441757	-0.7549318669531002	-0.9010768899691757	-0.6087868439370248	False	7.217693524688698e-30	smaller distance in high	1.0826540287033048e-28
PRO62-PRO1280	P:GLU62	P:LEU1280	5	1.0	69.76200310494887	285	581	9.558785960548802	9.338268490133105	9.532999992370605	9.336999893188477	-0.2205174704156967	-0.6746781783824835	-0.8199479366823619	-0.529408420082605	False	1.615769065781569e-23	smaller distance in high	1.615769065781569e-22
PRO87-PRO1278	P:THR87	P:ASN1278	5	1.0	37.03139872735248	285	581	6.845329820064077	6.424597244459668	6.910999774932861	6.413000106811523	-0.4207325756044087	-0.48917211159442014	-0.6327803360256666	-0.34556388716317366	False	7.778126608325146e-11	smaller distance in high	5.83359495624386e-10
PRO14-PRO62	P:VAL14	P:GLU62	5	1.0	33.89135938098768	285	581	9.298856116177744	9.19914974403053	9.295999526977539	9.1850004196167	-0.09970637214721378	-0.4692120427886423	-0.6126721229633492	-0.3257519626139355	False	1.2242959724566368e-10	smaller distance in high	7.34577583473982e-10
PRO124-PRO1278	P:THR124	P:ASN1278	5	1.0	31.671782837481857	285	581	9.70392279875906	9.304375204490096	9.75	9.38700008392334	-0.399547594268963	-0.4519796051751923	-0.5953166328776005	-0.3086425774727841	False	5.17543112687585e-10	smaller distance in high	2.2400034311659862e-09
PRO90-PRO1278	P:PHE90	P:ASN1278	5	1.0	31.58958271537029	285	581	8.620792996255975	8.33861789194524	8.635000228881836	8.345000267028809	-0.2821751043107348	-0.45312134976481616	-0.596466391181607	-0.30977630834802533	False	5.226674672720635e-10	smaller distance in high	2.2400034311659862e-09
PRO89-PRO1278	P:SER89	P:ASN1278	5	1.0	28.82257851669554	285	581	5.836750876276117	5.578378665467753	5.873000144958496	5.613999843597412	-0.25837221080836414	-0.4325569840643574	-0.5757607192917109	-0.28935324883700386	False	1.91173808158628e-09	smaller distance in high	6.372460271954267e-09
PRO1278-PRO1284	P:ASN1278	P:ILE1284	4	0.8	31.41912802886542	285	581	7.5552315628319455	7.787879513791424	7.425000190734863	7.730999946594238	0.23264795095947832	0.4488123089186557	0.3054974084285981	0.5921272094087133	False	6.156855119909703e-10	larger distance in high	2.3088206699661387e-09
PRO1238-PRO1278	P:GLU1238	P:ASN1278	4	0.8	27.846976664160515	285	581	7.968375420152095	8.339655759617711	7.88100004196167	8.23799991607666	0.3712803394656161	0.42300464922442405	0.27986436538504855	0.5661449330637995	False	2.1980709677080447e-09	larger distance in high	6.594212903124134e-09
PRO1237-PRO1278	P:ASP1237	P:ASN1278	4	0.8	25.669417070138916	285	581	4.981666651943273	5.344798628516534	4.874000072479248	5.23199987411499	0.3631319765732606	0.40614287178423497	0.26311119961499585	0.5491745439534741	False	1.1354185944998859e-08	larger distance in high	3.09659616681787e-08
PRO11-PRO1279	P:ALA11	P:SER1279	4	0.8	25.57424390533624	285	581	9.031863174103854	8.881688475814006	8.980999946594238	8.87600040435791	-0.15017469828984886	-0.4078710358808874	-0.5509136402207055	-0.26482843154106933	False	4.0224961287396005e-08	smaller distance in high	8.044992257479201e-08
PRO62-PRO1237	P:GLU62	P:ASP1237	4	0.8	24.36737493043594	285	581	4.36223156912285	4.610841644815652	4.252999782562256	4.466000080108643	0.24861007569280247	0.3968451387617168	0.25387150031644634	0.5398187772069872	False	1.963762959710919e-08	larger distance in high	4.5317606762559664e-08
PRO1278-PRO1286	P:ASN1278	P:THR1286	4	0.8	23.44182138474734	285	581	7.257628062733433	7.532308101654053	7.271999835968018	7.584000110626221	0.27468003892061965	0.38781924014841507	0.24490067492458487	0.5307378053722452	False	2.264109065441644e-07	larger distance in high	3.773515109069407e-07
PRO1278-PRO1391	P:ASN1278	P:ARG1391	3	0.6	23.065065164741107	285	581	5.06898597834403	5.268361448215741	5.071000099182129	5.214000225067139	0.1993754698717103	0.3865729185683832	0.24366186009932453	0.5294839770374419	False	2.380904688104084e-08	larger distance in high	5.1019386173658945e-08
PRO1240-PRO1278	P:ALA1240	P:ASN1278	3	0.6	22.45485882240845	285	581	7.782421056847824	8.001428576221565	7.711999893188477	7.89900016784668	0.21900751937374174	0.37982844826301465	0.23695760013835032	0.522699296387679	False	9.626357180540199e-08	larger distance in high	1.8049419713512873e-07
PRO89-PRO1279	P:SER89	P:SER1279	3	0.6	20.84106142103328	285	581	9.735771938792446	9.573793450649347	9.689000129699707	9.54699993133545	-0.1619784881430988	-0.3673564557575468	-0.510154782018713	-0.22455812949638057	False	9.862119687023032e-07	smaller distance in high	1.2792218863579512e-06
PRO63-PRO1278	P:GLU63	P:ASN1278	3	0.6	19.78053800138554	285	581	7.599919284017463	7.812414807419769	7.564000129699707	7.754000186920166	0.21249552340230604	0.35766773189637086	0.21492409684621674	0.500411366946525	False	3.7520336583103705e-07	larger distance in high	5.628050487465556e-07
PRO1273-PRO1278	P:THR1273	P:ASN1278	3	0.6	19.745677871449164	285	581	8.772638580255341	8.866533574056707	8.779000282287598	8.875	0.09389499380136535	0.35622318545625603	0.21348758117703856	0.4989587897354735	False	1.4974630622719782e-06	larger distance in high	1.7933938633286445e-06
PRO13-PRO1276	P:GLY13	P:ARG1276	2	0.4	25.138913237238896	285	581	2.774322797541033	2.7583201341908072	2.7750000953674316	2.759999990463257	-0.01600266335022571	-0.40261450528614146	-0.545623998973773	-0.25960501159850996	False	1.3257722073666453e-08	smaller distance in high	3.3144305184166135e-08
PRO13-PRO1274	P:GLY13	P:LEU1274	2	0.4	20.282359900329222	285	581	8.913371922677022	8.858270216726805	8.91100025177002	8.86400032043457	-0.055101705950217905	-0.3627918692055623	-0.505564249653474	-0.2200194887576506	False	2.589361188873049e-07	smaller distance in high	4.0884650350627083e-07
PRO14-PRO1278	P:VAL14	P:ASN1278	2	0.4	18.836376222223645	285	581	6.4669859635202505	6.325466441615723	6.4079999923706055	6.297999858856201	-0.14151952190452732	-0.35026437288042384	-0.4929671887600395	-0.2075615570008082	False	1.5542746815514918e-06	smaller distance in high	1.7933938633286445e-06
PRO85-PRO1278	P:ASN85	P:ASN1278	2	0.4	18.310142244957024	285	581	8.351238595393665	8.128686745687935	8.378000259399414	8.21500015258789	-0.22255184970573083	-0.3434648365116752	-0.48613090461451425	-0.20079876840883612	False	9.478228984446556e-07	smaller distance in high	1.2792218863579512e-06
PRO1277-PRO1281	P:GLY1277	P:ALA1281	1	0.2	19.40896226480989	285	581	7.7229052560371265	7.638554225895368	7.703999996185303	7.630000114440918	-0.08435103014175827	-0.3537517098399096	-0.4964736485978241	-0.2110297710819951	False	1.0169430071478142e-06	smaller distance in high	1.2792218863579512e-06
PRO11-PRO1283	P:ALA11	P:LYS1283	1	0.2	19.35770829434924	285	581	8.277519311402973	8.131764211671078	8.281999588012695	8.178999900817871	-0.14575509973189504	-0.3554612296186511	-0.4981926108133641	-0.21272984842393816	False	1.672056605601426e-07	smaller distance in high	2.9506881275319285e-07
PRO62-PRO1238	P:GLU62	P:GLU1238	1	0.2	19.17769434738797	285	581	8.332694753011067	8.546117031635804	8.282999992370605	8.51200008392334	0.21342227862473706	0.3487495761380146	0.20605500844774408	0.49144414382828516	False	1.023377509086361e-06	larger distance in high	1.2792218863579512e-06
PRO62-PRO1285	P:GLU62	P:MET1285	1	0.2	18.114166409601925	285	581	10.11099649395859	9.96513254096709	10.088000297546387	9.937999725341797	-0.14586395299149935	-0.34173353634847603	-0.4843903612911489	-0.19907671140580316	False	6.886646520807554e-06	smaller distance in high	6.886646520807554e-06
PRO88-PRO1279	P:LYS88	P:SER1279	1	0.2	17.718289573406718	285	581	6.561835078189247	6.431626507829676	6.568999767303467	6.422999858856201	-0.13020857035957167	-0.3390988327606471	-0.48174167989468686	-0.19645598562660738	False	6.105688080067045e-06	smaller distance in high	6.316229048345219e-06
PRO1241-PRO1278	P:ARG1241	P:ASN1278	1	0.2	17.50277254952362	285	581	10.336161412690815	10.633311527731497	10.336999893188477	10.642000198364258	0.29715011504068123	0.33695552865859835	0.19432397352833072	0.47958708378886594	False	3.7087178176392315e-06	larger distance in high	3.973626233184891e-06
PRO1283-PRO1387	P:LYS1283	P:ALA1387	1	0.2	17.49485072755409	285	581	9.583856144286038	9.699703955198935	9.595000267028809	9.678999900817871	0.11584781091289642	0.33611544118041287	0.19348829276420698	0.47874258959661875	False	3.6507485634411874e-06	larger distance in high	3.973626233184891e-06
