pdb	matched_count	matched_PRO_numbers	matched_residues
/myriadfs/home/ucapmge/Scratch/omm_pipeline_screening/manual_charmm_setup/step3_pbcsetup.pdb	10	60,61,62,67,68,69,88,1235,1241,1283	PRO60=chain , GLY60,chain , POT60,chain , TIP60; PRO61=chain , GLN61,chain , POT61,chain , TIP61; PRO62=chain , GLU62,chain , POT62,chain , TIP62; PRO67=chain , MET67,chain , POT67,chain , TIP67; PRO68=chain , ARG68,chain , POT68,chain , TIP68; PRO69=chain , ASP69,chain , POT69,chain , TIP69; PRO88=chain , CLA88,chain , LYS88,chain , TIP88; PRO1235=chain , GLN1235,chain , TIP1235; PRO1241=chain , ARG1241,chain , TIP1241; PRO1283=chain , LYS1283,chain , TIP1283
/myriadfs/home/ucapmge/Scratch/omm_pipeline_screening/manual_charmm_setup/g12d_frame_1000_near_prot_wat_edit_GTP.pdb	10	60,61,62,67,68,69,88,1235,1241,1283	PRO60=chain , GLY60; PRO61=chain , GLN61,chain , TIP61; PRO62=chain , GLU62; PRO67=chain , MET67; PRO68=chain , ARG68; PRO69=chain , ASP69; PRO88=chain , LYS88; PRO1235=chain , GLN1235; PRO1241=chain , ARG1241; PRO1283=chain , LYS1283
/myriadfs/home/ucapmge/Scratch/omm_pipeline_screening/manual_charmm_setup/step2.2_ions.pdb	10	60,61,62,67,68,69,88,1235,1241,1283	PRO60=chain , GLY60,chain , POT60; PRO61=chain , GLN61,chain , POT61,chain , TIP61; PRO62=chain , GLU62,chain , POT62; PRO67=chain , MET67,chain , POT67; PRO68=chain , ARG68,chain , POT68; PRO69=chain , ASP69,chain , POT69; PRO88=chain , CLA88,chain , LYS88; PRO1235=chain , GLN1235; PRO1241=chain , ARG1241; PRO1283=chain , LYS1283
/myriadfs/home/ucapmge/Scratch/omm_pipeline_screening/manual_charmm_setup/step2_solvator.pdb	10	60,61,62,67,68,69,88,1235,1241,1283	PRO60=chain , GLY60,chain , POT60,chain , TIP60; PRO61=chain , GLN61,chain , POT61,chain , TIP61; PRO62=chain , GLU62,chain , POT62,chain , TIP62; PRO67=chain , MET67,chain , POT67,chain , TIP67; PRO68=chain , ARG68,chain , POT68,chain , TIP68; PRO69=chain , ASP69,chain , POT69,chain , TIP69; PRO88=chain , CLA88,chain , LYS88,chain , TIP88; PRO1235=chain , GLN1235,chain , TIP1235; PRO1241=chain , ARG1241,chain , TIP1241; PRO1283=chain , LYS1283,chain , TIP1283
/myriadfs/home/ucapmge/Scratch/omm_pipeline_screening/manual_charmm_setup/step2.1_waterbox.pdb	10	60,61,62,67,68,69,88,1235,1241,1283	PRO60=chain , TIP60; PRO61=chain , TIP61; PRO62=chain , TIP62; PRO67=chain , TIP67; PRO68=chain , TIP68; PRO69=chain , TIP69; PRO88=chain , TIP88; PRO1235=chain , TIP1235; PRO1241=chain , TIP1241; PRO1283=chain , TIP1283
/myriadfs/home/ucapmge/Scratch/omm_pipeline_screening/manual_charmm_setup/step1_pdbreader.pdb	10	60,61,62,67,68,69,88,1235,1241,1283	PRO60=chain P, GLY60; PRO61=chain P, GLN61,chain W, TIP61; PRO62=chain P, GLU62; PRO67=chain P, MET67; PRO68=chain P, ARG68; PRO69=chain P, ASP69; PRO88=chain P, LYS88; PRO1235=chain P, GLN1235; PRO1241=chain P, ARG1241; PRO1283=chain P, LYS1283
/myriadfs/home/ucapmge/Scratch/omm_pipeline_screening/manual_charmm_setup/g12d_frame_1000_near_prot_wat_edit_gtp_proa.pdb	7	60,61,62,67,68,69,88	PRO60=chain , GLY60; PRO61=chain , GLN61; PRO62=chain , GLU62; PRO67=chain , MET67; PRO68=chain , ARG68; PRO69=chain , ASP69; PRO88=chain , LYS88
/myriadfs/home/ucapmge/Scratch/omm_pipeline_screening/manual_charmm_setup/g12d_frame_1000_near_prot_wat_edit_gtp_prob.pdb	3	1235,1241,1283	PRO1235=chain , GLN1235; PRO1241=chain , ARG1241; PRO1283=chain , LYS1283
/myriadfs/home/ucapmge/Scratch/omm_pipeline_screening/manual_charmm_setup/g12d_frame_1000_near_prot_wat_edit_gtp_watb.pdb	1	61	PRO61=chain , TIP61
