feature,importance
PRO62-PRO1279,0.08270209041402361
PRO62-PRO1280,0.03602098547774492
PRO62-PRO1236,0.008359104264232652
PRO62-PRO1278,0.0076147595824522865
PRO66-PRO96,0.0075211207167146035
PRO62-PRO1282,0.007473834882119398
PRO62-PRO1237,0.007005731571167416
PRO62-PRO1233,0.0068020720209057825
PRO62-PRO1277,0.00668676020148239
PRO1241-PRO1278,0.0065602071091982045
PRO8-PRO68,0.005805661452483961
PRO7-PRO68,0.005733728541677232
PRO62-PRO86,0.005660511986250562
PRO1237-PRO1391,0.005631419821969611
PRO65-PRO96,0.005621301696182182
PRO10-PRO65,0.0055973269725705455
PRO62-PRO1238,0.0055526255677860615
PRO9-PRO68,0.00553986261720271
PRO1241-PRO1287,0.005516790912079034
PRO13-PRO62,0.0054663403985001245
PRO67-PRO1399,0.005301378312435861
PRO9-PRO96,0.005243573504210338
PRO11-PRO62,0.005008534533424609
PRO66-PRO1290,0.005006385676255914
PRO62-PRO1275,0.004923384706904138
PRO14-PRO62,0.004896827817529856
PRO1241-PRO1282,0.004883688729241908
PRO12-PRO62,0.0048390917532620285
PRO67-PRO96,0.004760467531144833
PRO93-PRO96,0.004739308074442244
PRO61-PRO1237,0.004737521748294123
PRO62-PRO1287,0.004732582604664964
PRO1283-PRO1290,0.0046465693046139865
PRO64-PRO96,0.0046267000038895285
PRO56-PRO68,0.0046159282142418144
PRO68-PRO86,0.004611264676926008
PRO71-PRO96,0.004583146275496879
PRO62-PRO1285,0.00454660615926255
PRO96-PRO139,0.004483925150331603
PRO1237-PRO1283,0.004452916972104652
PRO65-PRO1290,0.004444206699031312
PRO1235-PRO1241,0.004434992083007482
PRO80-PRO96,0.004428256332372613
PRO65-PRO1391,0.004410598118411889
PRO65-PRO1241,0.004408445657230812
PRO67-PRO1390,0.004387128667245597
PRO1282-PRO1290,0.0043230742725821275
PRO67-PRO1391,0.004300994405224259
PRO67-PRO1401,0.004294586992827971
PRO60-LIG,0.004292884090974536
PRO63-PRO1241,0.004258151306703747
PRO64-PRO1290,0.004243936324718698
PRO68-PRO103,0.004241077239823045
PRO1235-PRO1237,0.004226626615681838
PRO62-PRO1240,0.004219919380269786
PRO61-LIG,0.004178253081827519
PRO62-PRO67,0.004175225564291011
PRO72-PRO96,0.004163257263244899
PRO67-PRO1409,0.0041573514268847455
PRO95-LIG,0.0041396583619644775
PRO11-PRO65,0.00411814699976826
PRO67-PRO74,0.004096138615380438
PRO63-LIG,0.004094688801799959
PRO1240-PRO1290,0.004062844314892766
PRO62-PRO1283,0.004060152717499705
PRO68-PRO96,0.004044947245973051
PRO7-PRO96,0.004016206013171221
PRO1290-PRO1402,0.004014535400279149
PRO10-PRO62,0.0040001225579330765
PRO67-PRO1394,0.003994571024719931
PRO1237-PRO1241,0.003983513298237708
PRO1287-PRO1290,0.003980145054283274
PRO96-PRO137,0.003979704467544172
PRO1281-PRO1290,0.003969988264611947
PRO96-PRO114,0.003950166929715862
PRO1237-PRO1286,0.0039405049837349
PRO79-PRO96,0.003937426818454091
PRO68-LIG,0.00393627375164475
PRO92-PRO96,0.003932114910151886
PRO62-PRO92,0.00389994597334635
PRO65-PRO92,0.003898550718915006
PRO65-PRO95,0.0038906790699176495
PRO1238-PRO1241,0.0038883422879310427
PRO62-PRO1241,0.0038880060715043283
PRO62-PRO91,0.003881845735582751
PRO36-PRO68,0.0038594152108592057
PRO88-PRO1237,0.0038420706198620852
PRO62-PRO89,0.0038416310284449516
PRO65-LIG,0.0038395636491727527
PRO58-PRO68,0.003834755075681076
PRO60-PRO65,0.0038190720669949644
PRO62-PRO1286,0.0038125113452769275
PRO64-LIG,0.0038083965086166873
PRO64-PRO68,0.003793622137774005
PRO62-PRO1234,0.003791461526264451
PRO60-PRO67,0.0037851608906566063
PRO68-PRO1391,0.0037768835398117313
PRO67-PRO1422,0.0037763476179278415
PRO96-PRO113,0.0037723669607411968
PRO81-PRO96,0.00376732973737906
PRO65-PRO1237,0.003754435973837667
PRO63-PRO1237,0.0037353889001810123
PRO62-PRO1391,0.0037208778250808084
PRO56-PRO96,0.0037125956913129855
PRO63-PRO1290,0.003705768266235305
PRO1283-LIG,0.0037016187090858424
PRO96-PRO133,0.0036991813147641706
PRO13-PRO96,0.003696125981603593
PRO63-PRO68,0.0036797320224632494
PRO14-PRO96,0.003677201997759397
PRO57-PRO67,0.003674659215743595
PRO1234-PRO1241,0.0036732612486316376
PRO61-PRO65,0.0036732293164337803
PRO35-PRO67,0.0036606137042251184
PRO12-PRO65,0.0036504467328452076
PRO65-PRO68,0.003636820601421834
PRO1234-PRO1237,0.003635447822637028
PRO57-PRO68,0.0036350777015600848
PRO58-PRO96,0.0036349052626526612
PRO92-PRO1237,0.003617442738141756
PRO99-LIG,0.0036148618236216228
PRO16-PRO96,0.0036091556882496077
PRO62-PRO88,0.0036040532989230867
PRO59-PRO67,0.0035984434230260276
PRO68-PRO1234,0.0035979377417169086
PRO62-PRO96,0.003588732351651272
PRO68-PRO1398,0.003587355559356019
PRO1238-PRO1290,0.0035612507755486762
PRO61-PRO1290,0.003543558904263239
PRO68-PRO72,0.003542804015284878
PRO95-PRO1237,0.003532510868460091
PRO68-PRO1278,0.0035218102224163234
PRO96-PRO112,0.0035091680440950874
PRO92-LIG,0.003508460511408589
PRO69-LIG,0.003506876297906168
PRO65-PRO1286,0.0034929183296740405
PRO1241-LIG,0.00344797574999325
PRO82-PRO96,0.0034479360521720097
PRO37-PRO67,0.0034457275053466534
PRO96-PRO110,0.003437045645354875
PRO36-PRO67,0.00343643369692479
PRO88-PRO96,0.003428772112949944
PRO67-PRO1395,0.003422272358304996
PRO65-PRO1283,0.003418041685941155
PRO1278-LIG,0.003411943870100139
PRO8-PRO96,0.0034065130355322086
PRO59-PRO96,0.0034022376295855562
PRO86-PRO96,0.00338879042807398
PRO67-PRO1393,0.0033800537425635667
PRO62-LIG,0.0033766955074616407
PRO1237-PRO1290,0.003360397347246558
PRO67-PRO1419,0.003360298304173002
PRO68-PRO88,0.0033558266184833922
PRO1237-PRO1282,0.00335200704870311
PRO77-PRO96,0.0033488346936088598
PRO62-PRO1290,0.0033264873515483698
PRO1290-PRO1393,0.0033108009046814266
PRO7-PRO67,0.003303828552167739
PRO67-PRO1398,0.0032916746403496085
PRO12-PRO96,0.003286163649382851
PRO68-PRO1283,0.0032801348578200204
PRO67-PRO1402,0.0032763150177932024
PRO9-PRO67,0.003272529187071555
PRO1290-PRO1387,0.003266830684838836
PRO67-PRO71,0.0032634969404741225
PRO65-PRO99,0.0032617809430219055
PRO67-PRO1389,0.0032525505705982075
PRO62-PRO95,0.0032453793143689485
PRO1290-PRO1395,0.0032452884206065646
PRO16-PRO62,0.0032436796506095733
PRO89-PRO96,0.003232165957550449
PRO69-PRO96,0.0032308664099482405
PRO62-PRO65,0.0032218352565921912
PRO56-PRO67,0.0032176060014234152
PRO66-LIG,0.0032131219141294503
PRO64-PRO67,0.0032106316392974165
PRO68-PRO92,0.003199748208350896
PRO10-PRO96,0.0031733372809639652
PRO1241-PRO1290,0.003173070987885377
PRO1235-LIG,0.0031576180465250924
PRO58-PRO67,0.003154929924688286
PRO90-PRO96,0.003147888290209432
PRO68-PRO100,0.0031467953341424186
PRO68-PRO81,0.0031434782535032734
PRO63-PRO96,0.0031385382133148542
PRO96-GTP,0.0031324616809516033
PRO62-PRO1235,0.003118348358094116
PRO61-PRO68,0.003110083841760547
PRO16-PRO68,0.0030805595851665095
PRO68-PRO1395,0.003071542195928108
PRO1241-PRO1286,0.003068175545052
PRO60-PRO68,0.0030514617753624788
PRO37-PRO68,0.0030445266043202497
PRO11-PRO96,0.00303776498378599
PRO67-PRO1290,0.003025340801885521
PRO68-PRO97,0.0030158830386603054
PRO1241-PRO1283,0.0030133297294768348
PRO68-PRO91,0.0029982512497102706
PRO59-PRO68,0.0029940876231442422
PRO61-PRO67,0.0029939032578592453
PRO1234-LIG,0.002991627190184326
PRO68-PRO99,0.002982629900674618
PRO10-PRO68,0.002981061975048395
PRO68-PRO102,0.002957881556611874
PRO62-PRO68,0.0029471849865308065
PRO1290-PRO1391,0.0029429344363786965
PRO1290-LIG,0.002937910701374232
PRO57-PRO96,0.0029373792699976553
PRO12-PRO68,0.0029337368218096383
PRO68-PRO93,0.0029330644059982836
PRO60-PRO96,0.0029245120054674487
PRO67-PRO70,0.002905235353780852
PRO68-PRO104,0.002867666209359454
PRO63-PRO67,0.002828925815280646
PRO67-LIG,0.002827832754163713
PRO68-PRO89,0.002793705731104326
PRO1290-PRO1390,0.002790762306832104
PRO61-PRO96,0.0027828263374467402
PRO65-PRO88,0.002766227501615645
PRO87-PRO96,0.002752289385683689
PRO1237-LIG,0.0027364139847370884
PRO1241-PRO1289,0.0027208994575196777
PRO13-PRO68,0.002701770465405837
PRO83-PRO96,0.00263389194170588
PRO67-PRO1392,0.0026141282433330714
PRO14-PRO68,0.0026111337269321116
PRO35-PRO68,0.002603175640833152
PRO68-PRO95,0.0025760047970429995
PRO78-PRO96,0.0025608067760512234
PRO11-PRO68,0.0025294810826734216
PRO68-GTP,0.0025046268612170766
PRO68-PRO98,0.002442801292294629
PRO88-LIG,0.0023918347129607753
